Keyword,Volume,Difficulty,Intent,Assigned Page URL,Page Type,Gap (Y/N),Priority
research peptides,12100,55,Commercial,/,Homepage,N,High
buy bpc 157,14800,48,Transactional,/product/bpc-157-5mg,Product Page,N,High
tb 500 for sale,9900,42,Transactional,/product/tb-500-5mg,Product Page,N,High
bioregulator peptides,4400,35,Informational/Commercial,/shop?category=Bioregulator%20Capsules,Product Listing,N,High
buy peptides online,8100,60,Transactional,/shop,Product Listing,N,Medium
peptide synthesis usa,1200,25,Informational/Commercial,/about,About Page,N,Medium
what is a bioregulator,3600,28,Informational,/research/what-is-a-bioregulator,Blog/Article,Y,High
bpc 157 dosage,22000,45,Informational,/research/bpc-157-dosage-guide,Blog/Article,Y,High
epitalon for sale,5400,38,Transactional,/product/epitalon-10mg,Product Page,N,High
thymulin peptide,2900,30,Commercial,/product/thymulin-10mg,Product Page,N,Medium
best peptides for healing,6600,40,Informational,/research/best-peptides-for-healing,Blog/Article,Y,Medium
research liquid peptides,1800,22,Commercial,/shop?form=Vial,Product Listing,N,Low
bpc 157 vs tb 500,8100,35,Informational,/research/bpc-157-vs-tb-500,Blog/Article,Y,High
how to reconstitute peptides,12000,32,Informational,/research/peptide-reconstitution-guide,Blog/Article,Y,High
where to buy peptides,5400,58,Transactional,/,Homepage,N,High
